Image, KNN Similarity (%), HTM Similarity (%)
ReconstructedSDR_0, 85.59, 87.60
ReconstructedSDR_1, 85.59, 87.60
ReconstructedSDR_2, 85.59, 87.60
ReconstructedSDR_3, 85.10, 86.28
ReconstructedSDR_4, 85.59, 87.60
ReconstructedSDR_5, 85.59, 87.60
ReconstructedSDR_6, 85.59, 87.60
ReconstructedSDR_7, 85.59, 87.60
ReconstructedSDR_8, 85.59, 87.60
ReconstructedSDR_9, 85.59, 87.60
ReconstructedSDR_10, 85.59, 87.60
ReconstructedSDR_11, 85.59, 87.60
ReconstructedSDR_12, 85.09, 86.27
ReconstructedSDR_13, 85.59, 87.60
ReconstructedSDR_14, 85.59, 87.60
ReconstructedSDR_15, 85.59, 87.60
ReconstructedSDR_16, 85.59, 87.60
ReconstructedSDR_17, 85.59, 87.60
ReconstructedSDR_18, 85.59, 87.60
ReconstructedSDR_19, 85.59, 87.60
ReconstructedSDR_20, 85.59, 87.60
ReconstructedSDR_21, 85.09, 86.27
ReconstructedSDR_22, 85.59, 87.60
ReconstructedSDR_23, 85.59, 87.60
ReconstructedSDR_24, 85.59, 87.60
ReconstructedSDR_25, 85.59, 87.60
ReconstructedSDR_26, 85.59, 87.60
ReconstructedSDR_27, 85.59, 87.60
ReconstructedSDR_28, 85.59, 87.60
ReconstructedSDR_29, 85.59, 87.60
ReconstructedSDR_30, 85.09, 86.27
ReconstructedSDR_31, 85.59, 87.60
ReconstructedSDR_32, 85.59, 87.60
ReconstructedSDR_33, 85.59, 87.60
ReconstructedSDR_34, 85.59, 87.60
ReconstructedSDR_35, 85.59, 87.60
ReconstructedSDR_36, 85.59, 87.60
ReconstructedSDR_37, 85.59, 87.60
ReconstructedSDR_38, 85.59, 87.60
ReconstructedSDR_39, 85.09, 86.27
ReconstructedSDR_40, 85.59, 87.60
ReconstructedSDR_41, 85.59, 87.60
ReconstructedSDR_42, 85.59, 87.60
ReconstructedSDR_43, 85.59, 87.60
ReconstructedSDR_44, 85.59, 87.60
ReconstructedSDR_45, 85.59, 87.60
ReconstructedSDR_46, 85.59, 87.60
ReconstructedSDR_47, 85.59, 87.60
ReconstructedSDR_48, 85.09, 86.27
ReconstructedSDR_49, 85.59, 87.60
ReconstructedSDR_50, 85.59, 87.60
ReconstructedSDR_51, 52.36, 71.15
ReconstructedSDR_52, 0.00, 0.00
ReconstructedSDR_53, 45.37, 61.54
ReconstructedSDR_54, 16.56, 36.93
ReconstructedSDR_55, 52.47, 66.64
ReconstructedSDR_56, 0.00, 0.00
ReconstructedSDR_57, 0.00, 0.00
ReconstructedSDR_58, 0.00, 0.00
ReconstructedSDR_59, 0.00, 0.00
ReconstructedSDR_60, 41.62, 59.48
ReconstructedSDR_61, 0.00, 0.00
ReconstructedSDR_62, 44.79, 60.82
ReconstructedSDR_63, 31.53, 41.41
ReconstructedSDR_64, 19.40, 41.38
ReconstructedSDR_65, 0.00, 0.00
ReconstructedSDR_66, 0.00, 0.00
ReconstructedSDR_67, 0.00, 0.00
ReconstructedSDR_68, 0.00, 0.00
ReconstructedSDR_69, 29.18, 40.16
ReconstructedSDR_70, 0.00, 0.00
ReconstructedSDR_71, 22.28, 43.15
ReconstructedSDR_72, 20.11, 33.23
ReconstructedSDR_73, 30.10, 33.82
ReconstructedSDR_74, 0.00, 0.00
ReconstructedSDR_75, 0.00, 0.00
ReconstructedSDR_76, 0.00, 0.00
ReconstructedSDR_77, 0.00, 0.00
ReconstructedSDR_78, 10.72, 26.24
ReconstructedSDR_79, 12.01, 12.01
ReconstructedSDR_80, 25.21, 36.07
ReconstructedSDR_81, 14.31, 19.44
ReconstructedSDR_82, 6.30, 21.82
ReconstructedSDR_83, 0.00, 0.00
ReconstructedSDR_84, 0.00, 0.00
ReconstructedSDR_85, 0.00, 0.00
ReconstructedSDR_86, 0.00, 12.15
ReconstructedSDR_87, 16.26, 29.69
ReconstructedSDR_88, 0.00, 11.02
ReconstructedSDR_89, 19.86, 31.44
ReconstructedSDR_90, 12.97, 15.36
ReconstructedSDR_91, 0.00, 10.13
ReconstructedSDR_92, 0.00, 0.00
ReconstructedSDR_93, 0.00, 12.68
ReconstructedSDR_94, 0.00, 0.00
ReconstructedSDR_95, 0.00, 0.00
ReconstructedSDR_96, 0.00, 22.66
ReconstructedSDR_97, 0.00, 0.00
ReconstructedSDR_98, 5.72, 18.90
ReconstructedSDR_99, 0.00, 0.00
ReconstructedSDR_100, 83.74, 84.62
ReconstructedSDR_101, 0.00, 0.00
ReconstructedSDR_102, 0.00, 0.00
ReconstructedSDR_103, 0.00, 0.00
ReconstructedSDR_104, 0.00, 0.00
ReconstructedSDR_105, 83.27, 85.34
ReconstructedSDR_106, 0.00, 0.00
ReconstructedSDR_107, 86.36, 86.97
ReconstructedSDR_108, 88.47, 88.64
ReconstructedSDR_109, 84.33, 84.92
ReconstructedSDR_110, 0.00, 0.00
ReconstructedSDR_111, 0.00, 0.00
ReconstructedSDR_112, 0.00, 0.00
ReconstructedSDR_113, 0.00, 0.00
ReconstructedSDR_114, 83.27, 85.34
ReconstructedSDR_115, 0.00, 0.00
ReconstructedSDR_116, 86.36, 86.97
ReconstructedSDR_117, 88.47, 88.64
ReconstructedSDR_118, 84.33, 84.92
ReconstructedSDR_119, 0.00, 0.00
ReconstructedSDR_120, 0.00, 0.00
ReconstructedSDR_121, 0.00, 0.00
ReconstructedSDR_122, 0.00, 0.00
ReconstructedSDR_123, 83.27, 85.34
ReconstructedSDR_124, 0.00, 0.00
ReconstructedSDR_125, 86.36, 86.97
ReconstructedSDR_126, 88.47, 88.64
ReconstructedSDR_127, 84.33, 84.92
ReconstructedSDR_128, 0.00, 0.00
ReconstructedSDR_129, 0.00, 0.00
ReconstructedSDR_130, 0.00, 0.00
ReconstructedSDR_131, 0.00, 0.00
ReconstructedSDR_132, 83.27, 85.34
ReconstructedSDR_133, 0.00, 0.00
ReconstructedSDR_134, 86.36, 86.97
ReconstructedSDR_135, 88.47, 88.64
ReconstructedSDR_136, 84.33, 84.92
ReconstructedSDR_137, 0.00, 0.00
ReconstructedSDR_138, 0.00, 0.00
ReconstructedSDR_139, 0.00, 0.00
ReconstructedSDR_140, 0.00, 0.00
ReconstructedSDR_141, 83.27, 85.34
ReconstructedSDR_142, 0.00, 0.00
ReconstructedSDR_143, 86.36, 86.97
ReconstructedSDR_144, 88.47, 88.64
ReconstructedSDR_145, 84.33, 84.92
ReconstructedSDR_146, 0.00, 0.00
ReconstructedSDR_147, 0.00, 0.00
ReconstructedSDR_148, 0.00, 0.00
ReconstructedSDR_149, 0.00, 0.00
ReconstructedSDR_150, 83.27, 85.34
ReconstructedSDR_151, 0.00, 0.00
ReconstructedSDR_152, 86.36, 86.97
ReconstructedSDR_153, 88.47, 88.64
ReconstructedSDR_154, 84.33, 84.92
ReconstructedSDR_155, 0.00, 0.00
ReconstructedSDR_156, 0.00, 0.00
ReconstructedSDR_157, 0.00, 0.00
ReconstructedSDR_158, 0.00, 0.00
ReconstructedSDR_159, 83.27, 85.34
ReconstructedSDR_160, 0.00, 0.00
ReconstructedSDR_161, 86.36, 86.97
ReconstructedSDR_162, 88.47, 88.64
ReconstructedSDR_163, 84.33, 84.92
ReconstructedSDR_164, 0.00, 0.00
ReconstructedSDR_165, 0.00, 0.00
ReconstructedSDR_166, 0.00, 0.00
ReconstructedSDR_167, 0.00, 0.00
ReconstructedSDR_168, 83.27, 85.34
ReconstructedSDR_169, 0.00, 0.00
ReconstructedSDR_170, 86.36, 86.97
ReconstructedSDR_171, 88.47, 88.64
ReconstructedSDR_172, 84.33, 84.92
ReconstructedSDR_173, 0.00, 0.00
ReconstructedSDR_174, 0.00, 0.00
ReconstructedSDR_175, 0.00, 0.00
ReconstructedSDR_176, 0.00, 0.00
ReconstructedSDR_177, 83.27, 85.34
ReconstructedSDR_178, 0.00, 0.00
ReconstructedSDR_179, 86.36, 86.97
ReconstructedSDR_180, 88.47, 88.64
ReconstructedSDR_181, 84.33, 84.92
ReconstructedSDR_182, 0.00, 0.00
ReconstructedSDR_183, 0.00, 0.00
ReconstructedSDR_184, 0.00, 0.00
ReconstructedSDR_185, 0.00, 0.00
ReconstructedSDR_186, 83.27, 85.34
ReconstructedSDR_187, 0.00, 0.00
ReconstructedSDR_188, 86.36, 86.97
ReconstructedSDR_189, 88.47, 88.64
ReconstructedSDR_190, 84.33, 84.92
ReconstructedSDR_191, 0.00, 0.00
ReconstructedSDR_192, 0.00, 0.00
ReconstructedSDR_193, 0.00, 0.00
ReconstructedSDR_194, 0.00, 0.00
ReconstructedSDR_195, 83.27, 85.34
ReconstructedSDR_196, 0.00, 0.00
ReconstructedSDR_197, 86.36, 86.97
ReconstructedSDR_198, 88.47, 88.64
ReconstructedSDR_199, 84.33, 84.92
ReconstructedSDR_200, 0.00, 0.00
ReconstructedSDR_201, 0.00, 0.00
ReconstructedSDR_202, 0.00, 0.00
ReconstructedSDR_203, 0.00, 0.00
ReconstructedSDR_204, 83.27, 85.34
ReconstructedSDR_205, 0.00, 0.00
ReconstructedSDR_206, 86.36, 86.97
ReconstructedSDR_207, 88.47, 88.64
ReconstructedSDR_208, 84.33, 84.92
ReconstructedSDR_209, 0.00, 0.00
ReconstructedSDR_210, 0.00, 0.00
ReconstructedSDR_211, 0.00, 0.00
ReconstructedSDR_212, 0.00, 0.00
ReconstructedSDR_213, 83.27, 85.34
ReconstructedSDR_214, 0.00, 0.00
ReconstructedSDR_215, 86.36, 86.97
ReconstructedSDR_216, 88.47, 88.64
ReconstructedSDR_217, 84.33, 84.92
ReconstructedSDR_218, 0.00, 0.00
ReconstructedSDR_219, 0.00, 0.00
ReconstructedSDR_220, 0.00, 0.00
ReconstructedSDR_221, 0.00, 0.00
ReconstructedSDR_222, 83.27, 85.34
ReconstructedSDR_223, 0.00, 0.00
ReconstructedSDR_224, 86.36, 86.97
ReconstructedSDR_225, 88.47, 88.64
ReconstructedSDR_226, 84.33, 84.92
ReconstructedSDR_227, 0.00, 0.00
ReconstructedSDR_228, 0.00, 0.00
ReconstructedSDR_229, 0.00, 0.00
ReconstructedSDR_230, 0.00, 0.00
ReconstructedSDR_231, 83.27, 85.34
ReconstructedSDR_232, 0.00, 0.00
ReconstructedSDR_233, 86.36, 86.97
ReconstructedSDR_234, 88.47, 88.64
ReconstructedSDR_235, 84.33, 84.92
ReconstructedSDR_236, 0.00, 0.00
ReconstructedSDR_237, 0.00, 0.00
ReconstructedSDR_238, 0.00, 0.00
ReconstructedSDR_239, 0.00, 0.00
ReconstructedSDR_240, 83.27, 85.34
ReconstructedSDR_241, 0.00, 0.00
ReconstructedSDR_242, 86.36, 86.97
ReconstructedSDR_243, 88.47, 88.64
ReconstructedSDR_244, 84.33, 84.92
ReconstructedSDR_245, 0.00, 0.00
ReconstructedSDR_246, 0.00, 0.00
ReconstructedSDR_247, 0.00, 0.00
ReconstructedSDR_248, 0.00, 0.00
ReconstructedSDR_249, 83.27, 85.34
ReconstructedSDR_250, 0.00, 0.00
ReconstructedSDR_251, 86.36, 86.97
ReconstructedSDR_252, 88.47, 88.64
ReconstructedSDR_253, 84.33, 84.92
ReconstructedSDR_254, 0.00, 0.00
ReconstructedSDR_255, 0.00, 0.00
ReconstructedSDR_256, 0.00, 0.00
ReconstructedSDR_257, 0.00, 0.00
ReconstructedSDR_258, 83.27, 85.34
ReconstructedSDR_259, 0.00, 0.00
ReconstructedSDR_260, 86.36, 86.97
ReconstructedSDR_261, 88.47, 88.64
ReconstructedSDR_262, 84.33, 84.92
ReconstructedSDR_263, 0.00, 0.00
ReconstructedSDR_264, 0.00, 0.00
ReconstructedSDR_265, 0.00, 0.00
ReconstructedSDR_266, 0.00, 0.00
ReconstructedSDR_267, 83.27, 85.34
ReconstructedSDR_268, 0.00, 0.00
ReconstructedSDR_269, 86.36, 86.97
ReconstructedSDR_270, 88.47, 88.64
ReconstructedSDR_271, 84.33, 84.92
ReconstructedSDR_272, 0.00, 0.00
ReconstructedSDR_273, 0.00, 0.00
ReconstructedSDR_274, 0.00, 0.00
ReconstructedSDR_275, 0.00, 0.00
ReconstructedSDR_276, 83.27, 85.34
ReconstructedSDR_277, 0.00, 0.00
ReconstructedSDR_278, 86.36, 86.97
ReconstructedSDR_279, 88.47, 88.64
ReconstructedSDR_280, 84.33, 84.92
ReconstructedSDR_281, 0.00, 0.00
ReconstructedSDR_282, 0.00, 0.00
ReconstructedSDR_283, 0.00, 0.00
ReconstructedSDR_284, 0.00, 0.00
ReconstructedSDR_285, 83.27, 85.34
ReconstructedSDR_286, 0.00, 0.00
ReconstructedSDR_287, 86.36, 86.97
ReconstructedSDR_288, 88.47, 88.64
ReconstructedSDR_289, 84.33, 84.92
ReconstructedSDR_290, 0.00, 0.00
ReconstructedSDR_291, 0.00, 0.00
ReconstructedSDR_292, 0.00, 0.00
ReconstructedSDR_293, 0.00, 0.00
ReconstructedSDR_294, 83.27, 85.34
ReconstructedSDR_295, 0.00, 0.00
ReconstructedSDR_296, 86.36, 86.97
ReconstructedSDR_297, 88.47, 88.64
ReconstructedSDR_298, 84.33, 84.92
ReconstructedSDR_299, 0.00, 0.00
ReconstructedSDR_300, 0.00, 0.00
ReconstructedSDR_301, 0.00, 0.00
ReconstructedSDR_302, 0.00, 0.00
ReconstructedSDR_303, 83.27, 85.34
ReconstructedSDR_304, 0.00, 0.00
ReconstructedSDR_305, 86.36, 86.97
ReconstructedSDR_306, 88.47, 88.64
ReconstructedSDR_307, 84.33, 84.92
ReconstructedSDR_308, 0.00, 0.00
ReconstructedSDR_309, 0.00, 0.00
ReconstructedSDR_310, 0.00, 0.00
ReconstructedSDR_311, 0.00, 0.00
ReconstructedSDR_312, 83.27, 85.34
ReconstructedSDR_313, 0.00, 0.00
ReconstructedSDR_314, 86.36, 86.97
ReconstructedSDR_315, 88.47, 88.64
ReconstructedSDR_316, 84.33, 84.92
ReconstructedSDR_317, 0.00, 0.00
ReconstructedSDR_318, 0.00, 0.00
ReconstructedSDR_319, 0.00, 0.00
ReconstructedSDR_320, 0.00, 0.00
ReconstructedSDR_321, 83.27, 85.34
ReconstructedSDR_322, 0.00, 0.00
ReconstructedSDR_323, 86.36, 86.97
ReconstructedSDR_324, 88.47, 88.64
ReconstructedSDR_325, 84.33, 84.92
ReconstructedSDR_326, 0.00, 0.00
ReconstructedSDR_327, 0.00, 0.00
ReconstructedSDR_328, 0.00, 0.00
ReconstructedSDR_329, 0.00, 0.00
ReconstructedSDR_330, 83.27, 85.34
ReconstructedSDR_331, 0.00, 0.00
ReconstructedSDR_332, 86.36, 86.97
ReconstructedSDR_333, 88.47, 88.64
ReconstructedSDR_334, 84.33, 84.92
ReconstructedSDR_335, 0.00, 0.00
ReconstructedSDR_336, 0.00, 0.00
ReconstructedSDR_337, 0.00, 0.00
ReconstructedSDR_338, 0.00, 0.00
ReconstructedSDR_339, 83.27, 85.34
ReconstructedSDR_340, 0.00, 0.00
ReconstructedSDR_341, 86.36, 86.97
ReconstructedSDR_342, 88.47, 88.64
ReconstructedSDR_343, 84.33, 84.92
ReconstructedSDR_344, 0.00, 0.00
ReconstructedSDR_345, 0.00, 0.00
ReconstructedSDR_346, 0.00, 0.00
ReconstructedSDR_347, 0.00, 0.00
ReconstructedSDR_348, 83.27, 85.34
ReconstructedSDR_349, 0.00, 0.00
ReconstructedSDR_350, 86.36, 86.97
ReconstructedSDR_351, 88.47, 88.64
ReconstructedSDR_352, 84.33, 84.92
ReconstructedSDR_353, 0.00, 0.00
ReconstructedSDR_354, 0.00, 0.00
ReconstructedSDR_355, 0.00, 0.00
ReconstructedSDR_356, 0.00, 0.00
ReconstructedSDR_357, 83.27, 85.34
ReconstructedSDR_358, 0.00, 0.00
ReconstructedSDR_359, 86.36, 86.97
ReconstructedSDR_360, 88.47, 88.64
ReconstructedSDR_361, 84.33, 84.92
ReconstructedSDR_362, 0.00, 0.00
ReconstructedSDR_363, 0.00, 0.00
ReconstructedSDR_364, 0.00, 0.00
ReconstructedSDR_365, 0.00, 0.00
ReconstructedSDR_366, 83.27, 85.34
ReconstructedSDR_367, 0.00, 0.00
ReconstructedSDR_368, 86.36, 86.97
ReconstructedSDR_369, 88.47, 88.64
ReconstructedSDR_370, 84.33, 84.92
ReconstructedSDR_371, 0.00, 0.00
ReconstructedSDR_372, 0.00, 0.00
ReconstructedSDR_373, 0.00, 0.00
ReconstructedSDR_374, 0.00, 0.00
ReconstructedSDR_375, 83.27, 85.34
ReconstructedSDR_376, 0.00, 0.00
ReconstructedSDR_377, 86.36, 86.97
ReconstructedSDR_378, 88.47, 88.64
ReconstructedSDR_379, 84.33, 84.92
ReconstructedSDR_380, 0.00, 0.00
ReconstructedSDR_381, 0.00, 0.00
ReconstructedSDR_382, 0.00, 0.00
ReconstructedSDR_383, 0.00, 0.00
ReconstructedSDR_384, 83.27, 85.34
ReconstructedSDR_385, 0.00, 0.00
ReconstructedSDR_386, 86.36, 86.97
ReconstructedSDR_387, 88.47, 88.64
ReconstructedSDR_388, 84.33, 84.92
ReconstructedSDR_389, 0.00, 0.00
ReconstructedSDR_390, 0.00, 0.00
ReconstructedSDR_391, 0.00, 0.00
ReconstructedSDR_392, 0.00, 0.00
ReconstructedSDR_393, 83.27, 85.34
ReconstructedSDR_394, 0.00, 0.00
ReconstructedSDR_395, 86.36, 86.97
ReconstructedSDR_396, 88.47, 88.64
ReconstructedSDR_397, 84.33, 84.92
ReconstructedSDR_398, 0.00, 0.00
ReconstructedSDR_399, 0.00, 0.00
ReconstructedSDR_400, 0.00, 0.00
ReconstructedSDR_401, 0.00, 0.00
ReconstructedSDR_402, 83.27, 85.34
ReconstructedSDR_403, 0.00, 0.00
ReconstructedSDR_404, 86.36, 86.97
ReconstructedSDR_405, 88.47, 88.64
ReconstructedSDR_406, 84.33, 84.92
ReconstructedSDR_407, 0.00, 0.00
ReconstructedSDR_408, 0.00, 0.00
ReconstructedSDR_409, 0.00, 0.00
ReconstructedSDR_410, 0.00, 0.00
ReconstructedSDR_411, 83.27, 85.34
ReconstructedSDR_412, 0.00, 0.00
ReconstructedSDR_413, 86.36, 86.97
ReconstructedSDR_414, 88.47, 88.64
ReconstructedSDR_415, 84.33, 84.92
ReconstructedSDR_416, 0.00, 0.00
ReconstructedSDR_417, 0.00, 0.00
ReconstructedSDR_418, 0.00, 0.00
ReconstructedSDR_419, 0.00, 0.00
ReconstructedSDR_420, 83.27, 85.34
ReconstructedSDR_421, 0.00, 0.00
ReconstructedSDR_422, 86.36, 86.97
ReconstructedSDR_423, 88.47, 88.64
ReconstructedSDR_424, 84.33, 84.92
ReconstructedSDR_425, 0.00, 0.00
ReconstructedSDR_426, 0.00, 0.00
ReconstructedSDR_427, 0.00, 0.00
ReconstructedSDR_428, 0.00, 0.00
ReconstructedSDR_429, 83.27, 85.34
ReconstructedSDR_430, 0.00, 0.00
ReconstructedSDR_431, 86.36, 86.97
ReconstructedSDR_432, 88.47, 88.64
ReconstructedSDR_433, 84.33, 84.92
ReconstructedSDR_434, 0.00, 0.00
ReconstructedSDR_435, 0.00, 0.00
ReconstructedSDR_436, 0.00, 0.00
ReconstructedSDR_437, 0.00, 0.00
ReconstructedSDR_438, 83.27, 85.34
ReconstructedSDR_439, 0.00, 0.00
ReconstructedSDR_440, 86.36, 86.97
ReconstructedSDR_441, 88.47, 88.64
ReconstructedSDR_442, 84.33, 84.92
ReconstructedSDR_443, 0.00, 0.00
ReconstructedSDR_444, 0.00, 0.00
ReconstructedSDR_445, 0.00, 0.00
ReconstructedSDR_446, 0.00, 0.00
ReconstructedSDR_447, 83.27, 85.34
ReconstructedSDR_448, 0.00, 0.00
ReconstructedSDR_449, 86.36, 86.97
